{
  "parent": "item/generated",
  "textures": {
    "layer0": "item/potion"
  },
  "overrides": [
    { "predicate": { "custom_model_data": 1001 }, "model": "item/custom_regen_potion" },
    { "predicate": { "custom_model_data": 1002 }, "model": "item/custom_feather_potion" },
    { "predicate": { "custom_model_data": 1003 }, "model": "item/custom_thunder_potion" },
    { "predicate": { "custom_model_data": 1004 }, "model": "item/custom_strength_potion" },
    { "predicate": { "custom_model_data": 1005 }, "model": "item/custom_heart_potion" },
    { "predicate": { "custom_model_data": 1006 }, "model": "item/custom_frost_potion" },
    { "predicate": { "custom_model_data": 1007 }, "model": "item/custom_emerald_potion" },
    { "predicate": { "custom_model_data": 1008 }, "model": "item/custom_ocean_potion" },
    { "predicate": { "custom_model_data": 1009 }, "model": "item/custom_fire_potion" },
    { "predicate": { "custom_model_data": 1010 }, "model": "item/custom_speed_potion" },
    { "predicate": { "custom_model_data": 1011 }, "model": "item/custom_haste_potion" },
    { "predicate": { "custom_model_data": 1012 }, "model": "item/custom_invis_potion" }
  ]
} 