{
	"credit": "Made with Blockbench",
	"texture_size": [28, 28],
	"textures": {
		"0": "katana_set:katana_set/katana_purple",
		"particle": "katana_set:katana_set/katana_purple"
	},
	"elements": [
		{
			"from": [7.7, -1.525, 7.7],
			"to": [8.3, 4.475, 8.3],
			"rotation": {"angle": 45, "axis": "y", "origin": [8, 2.975, 8]},
			"faces": {
				"north": {"uv": [1.14286, 0, 1.42857, 3.42857], "texture": "#0"},
				"east": {"uv": [2, 0, 1.71429, 3.42857], "texture": "#0"},
				"south": {"uv": [2.28571, 0, 2.57143, 3.42857], "texture": "#0"},
				"west": {"uv": [3.14286, 0, 2.85714, 3.42857], "texture": "#0"},
				"up": {"uv": [3.71429, 4.28571, 3.42857, 4], "texture": "#0"},
				"down": {"uv": [4.28571, 3.42857, 4, 3.71429], "texture": "#0"}
			}
		},
		{
			"from": [7.55, -2.125, 7.5],
			"to": [8.45, -1.125, 8.5],
			"rotation": {"angle": -45, "axis": "x", "origin": [8, -1.625, 8]},
			"faces": {
				"north": {"uv": [3.42857, 1.14286, 4, 1.71429], "texture": "#0"},
				"east": {"uv": [3.42857, 1.71429, 4, 2.28571], "texture": "#0"},
				"south": {"uv": [2.28571, 3.42857, 2.85714, 4], "texture": "#0"},
				"west": {"uv": [3.42857, 2.28571, 4, 2.85714], "texture": "#0"},
				"up": {"uv": [3.42857, 4, 2.85714, 3.42857], "texture": "#0"},
				"down": {"uv": [4, 2.85714, 3.42857, 3.42857], "texture": "#0"}
			}
		},
		{
			"from": [7.4, 4.475, 7.4],
			"to": [8.6, 4.775, 8.6],
			"rotation": {"angle": 45, "axis": "y", "origin": [8, 4.625, 8]},
			"faces": {
				"north": {"uv": [4, 1.71429, 4.71429, 1.85714], "texture": "#0"},
				"east": {"uv": [2.28571, 4, 3, 4.14286], "texture": "#0"},
				"south": {"uv": [4, 2.28571, 4.71429, 2.42857], "texture": "#0"},
				"west": {"uv": [4, 2.85714, 4.71429, 3], "texture": "#0"},
				"up": {"uv": [4.14286, 0.71429, 3.42857, 0], "texture": "#0"},
				"down": {"uv": [1.85714, 3.42857, 1.14286, 4.14286], "texture": "#0"}
			}
		},
		{
			"from": [7.85, 4.775, 7.5],
			"to": [8.15, 5.775, 8.5],
			"rotation": {"angle": 0, "axis": "y", "origin": [8.35, 5.275, 8]},
			"faces": {
				"north": {"uv": [4, 4, 4.14286, 4.57143], "texture": "#0"},
				"east": {"uv": [3.42857, 3.42857, 4, 4], "texture": "#0"},
				"south": {"uv": [4.57143, 0, 4.71429, 0.57143], "texture": "#0"},
				"west": {"uv": [4, 1.14286, 4.57143, 1.71429], "texture": "#0"},
				"up": {"uv": [4.71429, 1.14286, 4.57143, 0.57143], "texture": "#0"},
				"down": {"uv": [1.28571, 4.57143, 1.14286, 5.14286], "texture": "#0"}
			}
		},
		{
			"from": [8, 4.775, 7],
			"to": [8, 30.475, 9],
			"rotation": {"angle": 0, "axis": "y", "origin": [8.5, 5.275, 8.5]},
			"faces": {
				"north": {"uv": [0, 0, 0, 14.71429], "texture": "#0"},
				"east": {"uv": [1.14286, 0, 0, 14.71429], "texture": "#0"},
				"south": {"uv": [0, 0, 0, 14.71429], "texture": "#0"},
				"west": {"uv": [0, 0, 1.14286, 14.71429], "texture": "#0"},
				"up": {"uv": [0, 1.14286, 0, 0], "texture": "#0"},
				"down": {"uv": [0, 0, 0, 1.14286], "texture": "#0"}
			}
		}
	],
	"gui_light": "front",
	"display": {
		"thirdperson_righthand": {
			"translation": [0, 4, 1.5]
		},
		"thirdperson_lefthand": {
			"translation": [0, 4, 1.5]
		},
		"firstperson_righthand": {
			"rotation": [-14.94, -8.88, -2.45],
			"translation": [3.75, 3, 0],
			"scale": [0.70703, 0.70703, 0.70703]
		},
		"firstperson_lefthand": {
			"rotation": [-14.94, -8.88, -2.45],
			"translation": [3.75, 3, 0],
			"scale": [0.70703, 0.70703, 0.70703]
		},
		"ground": {
			"rotation": [19, 0, -82],
			"translation": [-6, 0.75, 0],
			"scale": [1.05078, 1.05078, 1.05078]
		},
		"gui": {
			"rotation": [90, -135, 90],
			"translation": [-2.5, -3, 0],
			"scale": [0.63555, 0.63555, 0.63555]
		},
		"head": {
			"scale": [0, 0, 0]
		},
		"fixed": {
			"rotation": [90, 89.75, -90],
			"translation": [0, -9, -2],
			"scale": [2.25273, 2.25273, 2.25273]
		}
	}
}