{
    "parent": "minecraft:item/handheld",
    "textures": {
        "layer0": "minecraft:item/iron_sword"
    },
    "overrides": [
        {
            "predicate": {
                "custom_model_data": 10101
            },
            "model": "katana_set:katana_set/katana_black"
        },
        {
            "predicate": {
                "custom_model_data": 10102
            },
            "model": "katana_set:katana_set/katana_blue"
        },
        {
            "predicate": {
                "custom_model_data": 10103
            },
            "model": "katana_set:katana_set/katana_green"
        },
        {
            "predicate": {
                "custom_model_data": 10104
            },
            "model": "katana_set:katana_set/katana_orange"
        },
        {
            "predicate": {
                "custom_model_data": 10105
            },
            "model": "katana_set:katana_set/katana_purple"
        },
        {
            "predicate": {
                "custom_model_data": 10106
            },
            "model": "katana_set:katana_set/katana_red"
        },
        {
            "predicate": {
                "custom_model_data": 10107
            },
            "model": "katana_set:katana_set/katana_yellow"
        }
    ]
}